"case_id","requirement_id","profile","precondition","action","expected","observed","status","evidence","product_version","environment","authority","test_id"
"X-A01","EXP-A01","visitor/operator/maintainer","Dependencies: M02,M03,M07","Exercise the increment described in spec.md","Otra persona completa un caso desde una URL sin Python, cuenta ni claves; los resultados coinciden con fixtures de contrato.","Published on GitHub Pages 2026-10-04 (300ab48, PR #1); Python/JS parity test passes (C113); live browser run by the implementing assistant only; another person's run and independent review not recorded","NO_PROBADO","evidence/latest.json","S02-0.1","not selected","U03; proposal in research","FUTURE:A01"
"X-A02","EXP-A02","visitor/operator/maintainer","Dependencies: M01","Exercise the increment described in spec.md","Dos casos ficticios generan briefs diferentes y una respuesta incompleta no se presenta como requisito confirmado.","Business case view delivered in S01 R28 (C121-C124, C130, C132, C133): two fictional cases give different briefs and missing answers stay open questions; another person's run and independent review not recorded","NO_PROBADO","specs/001-support-demo/acceptance.csv","S02-0.1","not selected","U03; proposal in research","FUTURE:A02"
"X-A03","EXP-A03","visitor/operator/maintainer","Dependencies: A02","Exercise the increment described in spec.md","Fórmulas visibles, sensibilidad reproducible, unidades claras y todos los supuestos identificados; cero ahorro presentado como obtenido.","Three scenarios with visible formulas and factors, DEMO units and zero observed savings in S01 R29 (C125-C131, C134); another person's run and independent review not recorded","NO_PROBADO","specs/001-support-demo/acceptance.csv","S02-0.1","not selected","U03; proposal in research","FUTURE:A03"
"X-A04","EXP-A04","visitor/operator/maintainer","Dependencies: M06,M10,D14","Exercise the increment described in spec.md","Evaluación separada de lenguaje, herramienta, estado final y seguridad; repetir casos para medir variabilidad; coste/límites visibles, cancelación y modo offline conservado.","Not implemented","NO_PROBADO","","S02-0.1","not selected","U03; proposal in research","FUTURE:A04"
"X-A05","EXP-A05","visitor/operator/maintainer","Dependencies: A04","Exercise the increment described in spec.md","Preguntas conocidas recuperan la fuente correcta; sin evidencia se responde que falta información; contenido recuperado no altera permisos.","Not implemented","NO_PROBADO","","S02-0.1","not selected","U03; proposal in research","FUTURE:A05"
"X-A06","EXP-A06","visitor/operator/maintainer","Dependencies: M06,M10","Exercise the increment described in spec.md","Evidencia de una lectura real con fecha, límites y resultados; tratamiento de timeout y rate limit; ninguna escritura externa.","Not implemented","NO_PROBADO","","S02-0.1","not selected","U03; proposal in research","FUTURE:A06"
"X-A07","EXP-A07","visitor/operator/maintainer","Dependencies: M10","Exercise the increment described in spec.md","Una solicitud ambigua se deriva a una persona; ambos casos reutilizan contratos y controles sin copiar toda la aplicación.","Not implemented","NO_PROBADO","","S02-0.1","not selected","U03; proposal in research","FUTURE:A07"
"X-A08","EXP-A08","visitor/operator/maintainer","Dependencies: M07","Exercise the increment described in spec.md","Cada vínculo resuelve a una evidencia real; un requisito sin prueba aparece pendiente, nunca aprobado por defecto.","Evidence view delivered in S01 R27 (C114-C120): requirement, case, test and evidence links with PENDIENTE for requirements without a PASS case; decision links, another person's run and independent review not recorded","NO_PROBADO","specs/001-support-demo/acceptance.csv","S02-0.1","not selected","U03; U10 owner request 2026-10-04","FUTURE:A08"
"X-A09","EXP-A09","visitor/operator/maintainer","Dependencies: A02,A03","Exercise the increment described in spec.md","Cambiar costes, restricciones o pesos cambia la comparación de forma explicable; el resultado es apoyo a decisión, no recomendación universal.","Not implemented","NO_PROBADO","","S02-0.1","not selected","U03; proposal in research","FUTURE:A09"
"X-A10","EXP-A10","visitor/operator/maintainer","Dependencies: M04,M05","Exercise the increment described in spec.md","Un responsable o criterio crítico ausente produce pendiente; incluye una práctica de operador y una revisión de comprensión.","Not implemented","NO_PROBADO","","S02-0.1","not selected","U03; proposal in research","FUTURE:A10"
"X-M01","EXP-M01","visitor/operator/maintainer","Dependencies: S01-T13","Exercise the increment described in spec.md","Un lector identifica qué decidió el autor y qué se simuló; sin experiencia o resultados comerciales inventados.","Some foundation delivered; full increment not tested","NO_PROBADO","","S02-0.1","not selected","U03; proposal in research","FUTURE:M01"
"X-M02","EXP-M02","visitor/operator/maintainer","Dependencies: S01-T14","Exercise the increment described in spec.md","Cambiar escenario no permite actuar accidentalmente sobre el anterior; reiniciar pide confirmar la pérdida de estado y permite exportar antes.","Not implemented","NO_PROBADO","","S02-0.1","not selected","U03; proposal in research","FUTURE:M02"
"X-M03","EXP-M03","visitor/operator/maintainer","Dependencies: M02","Exercise the increment described in spec.md","Recorrido básico por teclado y a 200% de zoom documentado; fallos corregidos. No declarar conformidad completa por pasar checks iniciales.","Not implemented","NO_PROBADO","","S02-0.1","not selected","U03; proposal in research","FUTURE:M03"
"X-M04","EXP-M04","visitor/operator/maintainer","Dependencies: D15","Exercise the increment described in spec.md","Un solicitante sin rol no puede aprobar por API; se comprueba autorización en el servidor en cada operación.","Not implemented","NO_PROBADO","","S02-0.1","not selected","U03; proposal in research","FUTURE:M04"
"X-M05","EXP-M05","visitor/operator/maintainer","Dependencies: M10","Exercise the increment described in spec.md","Reiniciar no duplica; un timeout posterior al efecto no dispara otra acción ciega; falla del hook posterior no deja estado ambiguo sin recuperación.","Not implemented","NO_PROBADO","","S02-0.1","not selected","U03; proposal in research","FUTURE:M05"
"X-M06","EXP-M06","visitor/operator/maintainer","Dependencies: M10","Exercise the increment described in spec.md","Seguir un caso de principio a fin y distinguir intento, fallo y reintento sin exponer contenido sensible.","Not implemented","NO_PROBADO","","S02-0.1","not selected","U03; proposal in research","FUTURE:M06"
"X-M07","EXP-M07","visitor/operator/maintainer","Dependencies: S01-T15","Exercise the increment described in spec.md","Un defecto introducido en una rama de prueba falla el check correspondiente; evidencia distingue omitido, fallido y aprobado.","Per-case results, commit and tree state recorded and shown in the S01 R27 evidence view; versioned Linux/Windows CI gates publication since 2026-10-09 (D22); browser check and an injected-defect run not recorded","NO_PROBADO","","S02-0.1","not selected","U03; proposal in research","FUTURE:M07"
"X-M08","EXP-M08","visitor/operator/maintainer","Dependencies: S01-T07","Exercise the increment described in spec.md","Fixtures artificiales para distintos tipos de secreto se detectan; se documentan exclusiones y bypass, sin afirmar cobertura total.","Not implemented","NO_PROBADO","","S02-0.1","not selected","U03; proposal in research","FUTURE:M08"
"X-M09","EXP-M09","visitor/operator/maintainer","Dependencies: S01-T06","Exercise the increment described in spec.md","Un cliente real usa ambas herramientas, una operación fuera de alcance se bloquea y una entrada malformada no termina el proceso.","Not implemented","NO_PROBADO","","S02-0.1","not selected","U03; proposal in research","FUTURE:M09"
"X-M10","EXP-M10","visitor/operator/maintainer","Dependencies: S01-T14","Exercise the increment described in spec.md","Sustituir almacenamiento o conector de prueba sin tocar las reglas ni la UI; mantener los contratos y resultados existentes.","Not implemented","NO_PROBADO","","S02-0.1","not selected","U03; proposal in research","FUTURE:M10"
